feature,importance
V14,0.17880688856810076
V10,0.1168079248718103
V4,0.11300447907077903
V12,0.10407502299193165
V17,0.09613199261391468
V3,0.06795964882758442
V16,0.05444106680730755
V11,0.04435997535797668
V2,0.030022174009011172
V21,0.021066600671126864
V7,0.01884576393528509
V9,0.018445903154337393
V19,0.011288884544515708
V18,0.011006084606191988
V27,0.010966225865776195
V8,0.010737660309104563
V20,0.010005637816634392
V1,0.009351521007742702
V5,0.008751365117482781
Amount,0.008516987565979434
V28,0.007082061263411457
V22,0.006692704023721991
V26,0.006632600729047142
V13,0.006323926013309806
V25,0.005516052439835325
V15,0.0053180537875150225
V6,0.0051688970158282055
V24,0.00432676366432404
Time,0.00418240767061653
V23,0.004164725679797085
